{
	"class_name" : "PinholeCameraParameters",
	"extrinsic" : 
	[
		0.28228992918510842,
		-0.87739470512521622,
		0.38793160131510501,
		0.0,
		-0.95078107890344243,
		-0.30974164288618161,
		-0.0086864642620088899,
		0.0,
		0.12778002926855384,
		-0.36638592505772422,
		-0.92164723079914013,
		0.0,
		0.081856438206105442,
		0.63529458763827673,
		1.2824713095320923,
		1.0
	],
	"intrinsic" : 
	{
		"height" : 540,
		"intrinsic_matrix" : 
		[
			467.65371804359688,
			0.0,
			0.0,
			0.0,
			467.65371804359688,
			0.0,
			479.5,
			269.5,
			1.0
		],
		"width" : 960
	},
	"version_major" : 1,
	"version_minor" : 0
}